{
    "0": {
        "precision": 0.9996659516860649,
        "recall": 0.9999120709060214,
        "f1-score": 0.9997889961491797,
        "support": 56864.0
    },
    "1": {
        "precision": 0.9404761904761905,
        "recall": 0.8061224489795918,
        "f1-score": 0.8681318681318682,
        "support": 98.0
    },
    "accuracy": 0.9995786664794073,
    "macro avg": {
        "precision": 0.9700710710811277,
        "recall": 0.9030172599428066,
        "f1-score": 0.9339604321405239,
        "support": 56962.0
    },
    "weighted avg": {
        "precision": 0.9995641189449643,
        "recall": 0.9995786664794073,
        "f1-score": 0.9995624872740402,
        "support": 56962.0
    }
}